bin_id,date,fill_level
BIN001,2026-08-25,42
BIN001,2026-08-26,50
BIN001,2026-08-27,58
BIN001,2026-08-28,65
BIN001,2026-08-29,73
BIN001,2026-08-30,79
BIN001,2026-08-31,85
BIN002,2026-08-25,20
BIN002,2026-08-26,25
BIN002,2026-08-27,30
BIN002,2026-08-28,34
BIN002,2026-08-29,38
BIN002,2026-08-30,42
BIN002,2026-08-31,45
BIN003,2026-08-25,50
BIN003,2026-08-26,57
BIN003,2026-08-27,64
BIN003,2026-08-28,72
BIN003,2026-08-29,80
BIN003,2026-08-30,87
BIN003,2026-08-31,92
BIN004,2026-08-25,15
BIN004,2026-08-26,18
BIN004,2026-08-27,22
BIN004,2026-08-28,26
BIN004,2026-08-29,30
BIN004,2026-08-30,33
BIN004,2026-08-31,35
BIN005,2026-08-25,35
BIN005,2026-08-26,42
BIN005,2026-08-27,49
BIN005,2026-08-28,57
BIN005,2026-08-29,65
BIN005,2026-08-30,72
BIN005,2026-08-31,78
BIN006,2026-08-25,30
BIN006,2026-08-26,35
BIN006,2026-08-27,40
BIN006,2026-08-28,46
BIN006,2026-08-29,51
BIN006,2026-08-30,56
BIN006,2026-08-31,60
BIN007,2026-08-25,55
BIN007,2026-08-26,63
BIN007,2026-08-27,70
BIN007,2026-08-28,78
BIN007,2026-08-29,84
BIN007,2026-08-30,90
BIN007,2026-08-31,95
BIN008,2026-08-25,10
BIN008,2026-08-26,13
BIN008,2026-08-27,16
BIN008,2026-08-28,19
BIN008,2026-08-29,21
BIN008,2026-08-30,23
BIN008,2026-08-31,25
BIN009,2026-08-25,40
BIN009,2026-08-26,48
BIN009,2026-08-27,55
BIN009,2026-08-28,63
BIN009,2026-08-29,72
BIN009,2026-08-30,80
BIN009,2026-08-31,88
BIN010,2026-08-25,25
BIN010,2026-08-26,30
BIN010,2026-08-27,35
BIN010,2026-08-28,39
BIN010,2026-08-29,43
BIN010,2026-08-30,47
BIN010,2026-08-31,50